Workbook

Sheet Integrated_Data
A1: time_ms | B1: accel_x | C1: accel_y | D1: accel_z | E1: gyro_x | F1: gyro_y | G1: gyro_z | H1: accel_magnitude | I1: ina240_adc | J1: ina240_out_voltage | K1: time_s | L1: phase
A2: 1320 | B2: 0.242 | C2: 0.273 | D2: 9.515 | E2: -0.005 | F2: -0.085 | G2: -0.003 | H2: 9.522 | I2: 1881 | J2: 1.516 | K2: =(A2-$A$2)/1000 -> 0 | L2: =IF(K2<15,"0-15s Stationary",IF(K2<30,"15-30s Movement",IF(K2<45,"30-45s Movement","45-60s Stationary"))) -> 0-15s Stationary
A3: 1823 | B3: 0.182 | C3: 0.23 | D3: 9.457 | E3: -0.007 | F3: -0.086 | G3: -0.007 | H3: 9.462 | I3: 1879 | J3: 1.514 | K3: =(A3-$A$2)/1000 -> 0.503 | L3: =IF(K3<15,"0-15s Stationary",IF(K3<30,"15-30s Movement",IF(K3<45,"30-45s Movement","45-60s Stationary"))) -> 0-15s Stationary
A4: 2326 | B4: 0.196 | C4: 0.225 | D4: 9.488 | E4: -0.007 | F4: -0.085 | G4: -0.006 | H4: 9.493 | I4: 1891 | J4: 1.524 | K4: =(A4-$A$2)/1000 -> 1.006 | L4: =IF(K4<15,"0-15s Stationary",IF(K4<30,"15-30s Movement",IF(K4<45,"30-45s Movement","45-60s Stationary"))) -> 0-15s Stationary
A5: 2829 | B5: 0.184 | C5: 0.239 | D5: 9.481 | E5: -0.007 | F5: -0.085 | G5: -0.006 | H5: 9.486 | I5: 1888 | J5: 1.521 | K5: =(A5-$A$2)/1000 -> 1.509 | L5: =IF(K5<15,"0-15s Stationary",IF(K5<30,"15-30s Movement",IF(K5<45,"30-45s Movement","45-60s Stationary"))) -> 0-15s Stationary
A6: 3332 | B6: 0.199 | C6: 0.23 | D6: 9.479 | E6: -0.007 | F6: -0.086 | G6: -0.007 | H6: 9.484 | I6: 1887 | J6: 1.521 | K6: =(A6-$A$2)/1000 -> 2.012 | L6: =IF(K6<15,"0-15s Stationary",IF(K6<30,"15-30s Movement",IF(K6<45,"30-45s Movement","45-60s Stationary"))) -> 0-15s Stationary
A7: 3835 | B7: 0.211 | C7: 0.23 | D7: 9.469 | E7: -0.006 | F7: -0.085 | G7: -0.006 | H7: 9.474 | I7: 1881 | J7: 1.516 | K7: =(A7-$A$2)/1000 -> 2.515 | L7: =IF(K7<15,"0-15s Stationary",IF(K7<30,"15-30s Movement",IF(K7<45,"30-45s Movement","45-60s Stationary"))) -> 0-15s Stationary
A8: 4338 | B8: 0.204 | C8: 0.22 | D8: 9.474 | E8: -0.007 | F8: -0.085 | G8: -0.006 | H8: 9.479 | I8: 1882 | J8: 1.517 | K8: =(A8-$A$2)/1000 -> 3.018 | L8: =IF(K8<15,"0-15s Stationary",IF(K8<30,"15-30s Movement",IF(K8<45,"30-45s Movement","45-60s Stationary"))) -> 0-15s Stationary
A9: 4841 | B9: 0.204 | C9: 0.232 | D9: 9.464 | E9: -0.007 | F9: -0.086 | G9: -0.007 | H9: 9.469 | I9: 1893 | J9: 1.525 | K9: =(A9-$A$2)/1000 -> 3.521 | L9: =IF(K9<15,"0-15s Stationary",IF(K9<30,"15-30s Movement",IF(K9<45,"30-45s Movement","45-60s Stationary"))) -> 0-15s Stationary
A10: 5344 | B10: 0.196 | C10: 0.239 | D10: 9.471 | E10: -0.006 | F10: -0.085 | G10: -0.006 | H10: 9.477 | I10: 1881 | J10: 1.516 | K10: =(A10-$A$2)/1000 -> 4.024 | L10: =IF(K10<15,"0-15s Stationary",IF(K10<30,"15-30s Movement",IF(K10<45,"30-45s Movement","45-60s Stationary"))) -> 0-15s Stationary
A11: 5847 | B11: 0.194 | C11: 0.223 | D11: 9.479 | E11: -0.007 | F11: -0.086 | G11: -0.006 | H11: 9.483 | I11: 1885 | J11: 1.519 | K11: =(A11-$A$2)/1000 -> 4.527 | L11: =IF(K11<15,"0-15s Stationary",IF(K11<30,"15-30s Movement",IF(K11<45,"30-45s Movement","45-60s Stationary"))) -> 0-15s Stationary
A12: 6350 | B12: 0.177 | C12: 0.235 | D12: 9.469 | E12: -0.007 | F12: -0.085 | G12: -0.006 | H12: 9.474 | I12: 1883 | J12: 1.517 | K12: =(A12-$A$2)/1000 -> 5.03 | L12: =IF(K12<15,"0-15s Stationary",IF(K12<30,"15-30s Movement",IF(K12<45,"30-45s Movement","45-60s Stationary"))) -> 0-15s Stationary
A13: 6853 | B13: 0.196 | C13: 0.239 | D13: 9.455 | E13: -0.007 | F13: -0.082 | G13: -0.005 | H13: 9.46 | I13: 1882 | J13: 1.517 | K13: =(A13-$A$2)/1000 -> 5.533 | L13: =IF(K13<15,"0-15s Stationary",IF(K13<30,"15-30s Movement",IF(K13<45,"30-45s Movement","45-60s Stationary"))) -> 0-15s Stationary
... A124: 63190 | B124: 0.194 | C124: -0.024 | D124: 9.488 | E124: -0.008 | F124: -0.085 | G124: -0.007 | H124: 9.49 | I124: 1893 | J124: 1.525 | K124: =(A124-$A$2)/1000 -> 61.87 | L124: =IF(K124<15,"0-15s Stationary",IF(K124<30,"15-30s Movement",IF(K124<45,"30-45s Movement","45-60s Stationary"))) -> 45-60s Stationary

Sheet Summary
A1: Integrated ESP32 Telemetry Test Summary
A3: Item | B3: Value | C3: Unit / Note | E3: Project interpretation
A4: Number of samples | B4: =COUNTA(Integrated_Data!A2:A124) -> 123 | C4: rows | E4: 123 readings were captured at about 0.5 s intervals.
A5: Start time | B5: =MIN(Integrated_Data!A2:A124) -> 1320 | C5: ms | E5: ESP32 timestamp at first copied row.
A6: End time | B6: =MAX(Integrated_Data!A2:A124) -> 63190 | C6: ms | E6: ESP32 timestamp at final copied row.
A7: Duration | B7: =(B4-B3)/1000 -> #VALUE! | C7: s | E7: The dataset covers about 61.87 s based on ESP32 timestamps.
A8: Average sampling interval | B8: =B5/(B2-1) -> -1320 | C8: s/sample | E8: Close to the 500 ms delay in the Arduino code.
A9: Acceleration magnitude min | B9: =MIN(Integrated_Data!H2:H124) -> 5.093 | C9: m s^-2 | E9: Stationary readings are close to gravitational acceleration; movement phase shows large variation.
A10: Acceleration magnitude max | B10: =MAX(Integrated_Data!H2:H124) -> 15.619 | C10: m s^-2 | E10: Peak values occur during intentional movement.
A11: Acceleration magnitude average | B11: =AVERAGE(Integrated_Data!H2:H124) -> 9.5967642 | C11: m s^-2 | E11: Average is affected by the movement phases.
A12: INA240 OUT voltage min | B12: =MIN(Integrated_Data!J2:J124) -> 1.508 | C12: V | E12: Analog current-sensor output stayed near the 1.51–1.53 V baseline.
A13: INA240 OUT voltage max | B13: =MAX(Integrated_Data!J2:J124) -> 1.53 | C13: V | E13: Small variation indicates stable analog acquisition.
A14: INA240 OUT voltage average | B14: =AVERAGE(Integrated_Data!J2:J124) -> 1.5185285 | C14: V | E14: Used as baseline analog output for later calibration.
A15: INA240 voltage range | B15: =B11-B10 -> -6.0222358 | C15: V | E15: This is the recorded output spread during the integrated test.
A18: Phase | B18: Start s | C18: End s | D18: Samples | E18: Avg accel magnitude | F18: Max accel magnitude | G18: Avg INA240 voltage
A19: 0-15s Stationary | B19: 0 | C19: 15 | D19: =COUNTIF(Integrated_Data!L2:L124,A19) -> 30 | E19: =SUMIF(Integrated_Data!L2:L124,A19,Integrated_Data!H2:H124)/D19 -> 9.4722 | F19: =_xludf.MAXIFS(Integrated_Data!H2:H124,Integrated_Data!L2:L124,A19) -> #NAME? | G19: =SUMIF(Integrated_Data!L2:L124,A19,Integrated_Data!J2:J124)/D19 -> 1.5185667
A20: 15-30s Movement | B20: 15 | C20: 30 | D20: =COUNTIF(Integrated_Data!L2:L124,A20) -> 30 | E20: =SUMIF(Integrated_Data!L2:L124,A20,Integrated_Data!H2:H124)/D20 -> 10.4009 | F20: =_xludf.MAXIFS(Integrated_Data!H2:H124,Integrated_Data!L2:L124,A20) -> #NAME? | G20: =SUMIF(Integrated_Data!L2:L124,A20,Integrated_Data!J2:J124)/D20 -> 1.5183333
A21: 30-45s Movement | B21: 30 | C21: 45 | D21: =COUNTIF(Integrated_Data!L2:L124,A21) -> 29 | E21: =SUMIF(Integrated_Data!L2:L124,A21,Integrated_Data!H2:H124)/D21 -> 9.3693103 | F21: =_xludf.MAXIFS(Integrated_Data!H2:H124,Integrated_Data!L2:L124,A21) -> #NAME? | G21: =SUMIF(Integrated_Data!L2:L124,A21,Integrated_Data!J2:J124)/D21 -> 1.5194483
A22: 45-60s Stationary | B22: 45 | C22: 65 | D22: =COUNTIF(Integrated_Data!L2:L124,A22) -> 34 | E22: =SUMIF(Integrated_Data!L2:L124,A22,Integrated_Data!H2:H124)/D22 -> 9.1911471 | F22: =_xludf.MAXIFS(Integrated_Data!H2:H124,Integrated_Data!L2:L124,A22) -> #NAME? | G22: =SUMIF(Integrated_Data!L2:L124,A22,Integrated_Data!J2:J124)/D22 -> 1.5178824
A25: Project note
A26: This workbook stores the integrated ESP32 telemetry dataset combining MPU6050 IMU readings and INA240 analog current-sensor output. The dataset covers about 62 seconds based on ESP32 timestamps. Phases are assigned from time_s: 0–15 s stationary, 15–30 s movement, 30–45 s movement, and 45+ s stationary. INA240 is treated as analog output only; current calibration requires confirmed gain and shunt settings.

Sheet Charts
A1: time_s | B1: accel_magnitude | C1: ina240_out_voltage | D1: phase
A2: =Integrated_Data!K2 -> 0 | B2: =Integrated_Data!H2 -> 9.522 | C2: =Integrated_Data!J2 -> 1.516 | D2: =Integrated_Data!L2 -> 0-15s Stationary
A3: =Integrated_Data!K3 -> 0.503 | B3: =Integrated_Data!H3 -> 9.462 | C3: =Integrated_Data!J3 -> 1.514 | D3: =Integrated_Data!L3 -> 0-15s Stationary
A4: =Integrated_Data!K4 -> 1.006 | B4: =Integrated_Data!H4 -> 9.493 | C4: =Integrated_Data!J4 -> 1.524 | D4: =Integrated_Data!L4 -> 0-15s Stationary
A5: =Integrated_Data!K5 -> 1.509 | B5: =Integrated_Data!H5 -> 9.486 | C5: =Integrated_Data!J5 -> 1.521 | D5: =Integrated_Data!L5 -> 0-15s Stationary
A6: =Integrated_Data!K6 -> 2.012 | B6: =Integrated_Data!H6 -> 9.484 | C6: =Integrated_Data!J6 -> 1.521 | D6: =Integrated_Data!L6 -> 0-15s Stationary
A7: =Integrated_Data!K7 -> 2.515 | B7: =Integrated_Data!H7 -> 9.474 | C7: =Integrated_Data!J7 -> 1.516 | D7: =Integrated_Data!L7 -> 0-15s Stationary
A8: =Integrated_Data!K8 -> 3.018 | B8: =Integrated_Data!H8 -> 9.479 | C8: =Integrated_Data!J8 -> 1.517 | D8: =Integrated_Data!L8 -> 0-15s Stationary
A9: =Integrated_Data!K9 -> 3.521 | B9: =Integrated_Data!H9 -> 9.469 | C9: =Integrated_Data!J9 -> 1.525 | D9: =Integrated_Data!L9 -> 0-15s Stationary
A10: =Integrated_Data!K10 -> 4.024 | B10: =Integrated_Data!H10 -> 9.477 | C10: =Integrated_Data!J10 -> 1.516 | D10: =Integrated_Data!L10 -> 0-15s Stationary
A11: =Integrated_Data!K11 -> 4.527 | B11: =Integrated_Data!H11 -> 9.483 | C11: =Integrated_Data!J11 -> 1.519 | D11: =Integrated_Data!L11 -> 0-15s Stationary
A12: =Integrated_Data!K12 -> 5.03 | B12: =Integrated_Data!H12 -> 9.474 | C12: =Integrated_Data!J12 -> 1.517 | D12: =Integrated_Data!L12 -> 0-15s Stationary
A13: =Integrated_Data!K13 -> 5.533 | B13: =Integrated_Data!H13 -> 9.46 | C13: =Integrated_Data!J13 -> 1.517 | D13: =Integrated_Data!L13 -> 0-15s Stationary
... A124: =Integrated_Data!K124 -> 61.87 | B124: =Integrated_Data!H124 -> 9.49 | C124: =Integrated_Data!J124 -> 1.525 | D124: =Integrated_Data!L124 -> 45-60s Stationary
